{
  "total_profiles": 95,
  "total_dialogues_attempted": 95,
  "successful_dialogues": 95,
  "failed_dialogues": 0,
  "realistic_dialogues": 73,
  "non_realistic_dialogues": 22,
  "by_profile_type": {
    "FULL": {
      "success": 95,
      "fail": 0
    },
    "NO_DIAGNOSIS": {
      "success": 0,
      "fail": 0
    },
    "NO_DIAGNOSIS_NO_TREATMENT": {
      "success": 0,
      "fail": 0
    }
  },
  "attempt_distribution": {
    "1": 87,
    "2": 8,
    "3": 0
  },
  "judge_scores": [
    0.3,
    0.95,
    0.95,
    0.5,
    0.9,
    0.9,
    0.6,
    0.97,
    0.97,
    0.9,
    0.95,
    0.3,
    0.4,
    0.97,
    0.97,
    0.95,
    0.95,
    0.95,
    0.85,
    0.97,
    0.97,
    0.97,
    0.97,
    0.95,
    0.92,
    0.5,
    0.97,
    0.4,
    0.92,
    0.97,
    0.95,
    0.92,
    0.95,
    0.95,
    0.5,
    0.95,
    0.4,
    0.97,
    0.95,
    0.97,
    0.9,
    0.3,
    0.95,
    0.3,
    0.98,
    0.95,
    0.4,
    0.95,
    0.97,
    0.95,
    0.97,
    0.95,
    0.97,
    0.4,
    0.95,
    0.4,
    0.95,
    0.3,
    0.95,
    0.95,
    0.97,
    0.95,
    0.4,
    0.6,
    0.95,
    0.4,
    0.97,
    0.95,
    0.5,
    0.97,
    0.5,
    0.95,
    0.98,
    0.95,
    0.95,
    0.97,
    0.97,
    0.95,
    0.95,
    0.97,
    0.6,
    0.97,
    0.95,
    0.95,
    0.95,
    0.92,
    0.5,
    0.95,
    0.97,
    0.9,
    0.92,
    0.95,
    0.95,
    0.97,
    0.95
  ],
  "sts_scores": [
    0.6282104253768921,
    0.6535133123397827,
    0.4326004683971405,
    0.6505398154258728,
    0.30631351470947266,
    0.5978313684463501,
    0.6942548155784607,
    0.5757839679718018,
    0.4900878071784973,
    0.6922256946563721,
    0.540687084197998,
    0.4985587000846863,
    0.3693988621234894,
    0.47878360748291016,
    0.4990379512310028,
    0.455433189868927,
    0.5346782207489014,
    0.4205605983734131,
    0.5772144794464111,
    0.45124751329421997,
    0.6021794676780701,
    0.5993874073028564,
    0.6175869703292847,
    0.5970156192779541,
    0.5656963586807251,
    0.5415922403335571,
    0.8287241458892822,
    0.6652306914329529,
    0.5413234233856201,
    0.3512727916240692,
    0.4873519539833069,
    0.484317421913147,
    0.4431941509246826,
    0.33009275794029236,
    0.693865180015564,
    0.7363107204437256,
    0.5912224054336548,
    0.4275670051574707,
    0.35612115263938904,
    0.6520649194717407,
    0.6857650279998779,
    0.23880566656589508,
    0.6379727125167847,
    0.6517868638038635,
    0.43132299184799194,
    0.4479590654373169,
    0.5369441509246826,
    0.4529869556427002,
    0.5260835289955139,
    0.3951719403266907,
    0.26450133323669434,
    0.44287344813346863,
    0.4615751802921295,
    0.6806861162185669,
    0.6774599552154541,
    0.5546844005584717,
    0.48220327496528625,
    0.5405772924423218,
    0.6758274435997009,
    0.6050548553466797,
    0.5162708759307861,
    0.5906789302825928,
    0.6716809272766113,
    0.5421006679534912,
    0.6718471050262451,
    0.6136927008628845,
    0.7951463460922241,
    0.25971248745918274,
    0.6210422515869141,
    0.44184648990631104,
    0.3944432735443115,
    0.5243215560913086,
    0.5345990061759949
  ],
  "processing_times": [
    454.30486130714417,
    56.587774991989136,
    66.78987550735474,
    436.5886962413788,
    38.46079087257385,
    40.8798086643219,
    450.30530643463135,
    58.092782735824585,
    55.94011569023132,
    35.104522466659546,
    39.36038827896118,
    142.6457657814026,
    437.22781777381897,
    63.035064935684204,
    65.1954870223999,
    60.67042827606201,
    57.88646411895752,
    55.77797532081604,
    28.97160816192627,
    56.500383377075195,
    61.276323556900024,
    71.11276602745056,
    60.75004863739014,
    58.259010553359985,
    60.832621335983276,
    355.3296775817871,
    67.43055272102356,
    285.60713601112366,
    57.37859058380127,
    64.34030795097351,
    55.35105562210083,
    58.66673231124878,
    59.9815559387207,
    64.48765993118286,
    442.97507071495056,
    60.967071294784546,
    298.6167118549347,
    65.4387743473053,
    58.06101369857788,
    59.137633323669434,
    43.27898979187012,
    431.34848141670227,
    68.31579351425171,
    314.03550362586975,
    64.95160818099976,
    55.97218704223633,
    466.3414490222931,
    71.82874608039856,
    71.8978943824768,
    59.5434205532074,
    59.575960636138916,
    74.18952822685242,
    56.565189599990845,
    483.22497057914734,
    58.645764112472534,
    443.9567747116089,
    60.27900218963623,
    411.57775378227234,
    65.9833116531372,
    57.88986802101135,
    55.357874155044556,
    56.26686882972717,
    424.84568643569946,
    418.9479534626007,
    61.36294746398926,
    259.4238452911377,
    70.1626648902893,
    56.60086631774902,
    33.76874279975891,
    63.50743794441223,
    389.24773359298706,
    58.394389390945435,
    57.00620150566101,
    72.18564009666443,
    60.32180619239807,
    57.85381889343262,
    59.536335468292236,
    61.32643461227417,
    63.00350093841553,
    60.27632999420166,
    277.09402227401733,
    57.0033802986145,
    58.26085162162781,
    60.07831072807312,
    58.1362042427063,
    294.6879768371582,
    422.6967206001282,
    38.79504346847534,
    61.49445080757141,
    32.59990668296814,
    62.481985092163086,
    59.887683391571045,
    59.953495264053345,
    66.68882966041565,
    59.25097894668579
  ],
  "avg_judge_score": 0.830421052631579,
  "avg_sts_score": 0.5373520959321767,
  "avg_processing_time": 132.57089839232594
}