{
  "total_profiles": 95,
  "total_dialogues_attempted": 95,
  "successful_dialogues": 95,
  "failed_dialogues": 0,
  "realistic_dialogues": 91,
  "non_realistic_dialogues": 4,
  "by_profile_type": {
    "FULL": {
      "success": 95,
      "fail": 0
    },
    "NO_DIAGNOSIS": {
      "success": 0,
      "fail": 0
    },
    "NO_DIAGNOSIS_NO_TREATMENT": {
      "success": 0,
      "fail": 0
    }
  },
  "attempt_distribution": {
    "1": 89,
    "2": 4,
    "3": 2
  },
  "judge_scores": [
    0.95,
    0.97,
    0.97,
    0.95,
    0.95,
    0.95,
    0.95,
    0.97,
    0.97,
    0.95,
    0.95,
    0.3,
    0.97,
    0.97,
    0.97,
    0.95,
    0.95,
    0.97,
    0.97,
    0.95,
    0.85,
    0.97,
    0.95,
    0.95,
    0.97,
    0.97,
    0.95,
    0.95,
    0.95,
    0.97,
    0.97,
    0.93,
    0.95,
    0.93,
    0.95,
    0.97,
    0.4,
    0.95,
    0.97,
    0.97,
    0.95,
    0.4,
    0.97,
    0.95,
    0.97,
    0.95,
    0.95,
    0.95,
    0.95,
    0.95,
    0.95,
    0.97,
    0.97,
    0.93,
    0.95,
    0.97,
    0.97,
    0.95,
    0.97,
    0.97,
    0.97,
    0.95,
    0.92,
    0.95,
    0.97,
    0.95,
    0.97,
    0.95,
    0.9,
    0.97,
    0.6,
    0.97,
    0.95,
    0.95,
    0.95,
    0.97,
    0.97,
    0.95,
    0.97,
    0.97,
    0.97,
    0.97,
    0.97,
    0.97,
    0.97,
    0.97,
    0.95,
    0.95,
    0.97,
    0.95,
    0.95,
    0.97,
    0.7,
    0.95,
    0.98
  ],
  "sts_scores": [
    0.5916101932525635,
    0.6603374481201172,
    0.7561312913894653,
    0.44701147079467773,
    0.347324937582016,
    0.5910248756408691,
    0.37655043601989746,
    0.6894124150276184,
    0.6975560784339905,
    0.6949173808097839,
    0.6410382390022278,
    0.6492162346839905,
    0.5066258907318115,
    0.5831426978111267,
    0.6430578827857971,
    0.556399941444397,
    0.34037211537361145,
    0.6594874858856201,
    0.4827837347984314,
    0.41006913781166077,
    0.48811614513397217,
    0.3773953914642334,
    0.6417762041091919,
    0.7941129803657532,
    0.6287119388580322,
    0.5876656174659729,
    0.5930675268173218,
    0.6751143932342529,
    0.7453911900520325,
    0.6505049467086792,
    0.4067312180995941,
    0.6267764568328857,
    0.6659041047096252,
    0.4692106246948242,
    0.7914819717407227,
    0.45140540599823,
    0.3248300552368164,
    0.7001625895500183,
    0.5743801593780518,
    0.3508734405040741,
    0.6908897161483765,
    0.28829652070999146,
    0.6251205801963806,
    0.732514500617981,
    0.771129846572876,
    0.6017544269561768,
    0.42202305793762207,
    0.4082828462123871,
    0.5429457426071167,
    0.715779185295105,
    0.26340609788894653,
    0.36843883991241455,
    0.49785369634628296,
    0.5908901691436768,
    0.7255188226699829,
    0.5974775552749634,
    0.5294721126556396,
    0.3989061713218689,
    0.6369605660438538,
    0.5598103404045105,
    0.31456297636032104,
    0.42537522315979004,
    0.497217059135437,
    0.5080592632293701,
    0.47548410296440125,
    0.5056565403938293,
    0.5491621494293213,
    0.44871070981025696,
    0.361531138420105,
    0.6773375868797302,
    0.6200039386749268,
    0.6053400039672852,
    0.45229455828666687,
    0.5388745069503784,
    0.7300546169281006,
    0.6094509959220886,
    0.6800175905227661,
    0.42599260807037354,
    0.6516745090484619,
    0.6565392017364502,
    0.45860186219215393,
    0.7173080444335938,
    0.5857775211334229,
    0.673515260219574,
    0.6593406200408936,
    0.30570441484451294,
    0.5385028123855591,
    0.4675186276435852,
    0.46642911434173584,
    0.5418434143066406,
    0.4210195541381836
  ],
  "processing_times": [
    89.39774823188782,
    87.59037899971008,
    88.87431955337524,
    91.96031904220581,
    89.12664127349854,
    28.205944299697876,
    88.2205502986908,
    91.82064414024353,
    76.77111577987671,
    32.14559459686279,
    92.51265788078308,
    217.96264696121216,
    180.02252459526062,
    101.57346081733704,
    93.5374915599823,
    165.35923147201538,
    77.58081269264221,
    86.79342103004456,
    87.55644750595093,
    92.70594573020935,
    83.46874117851257,
    93.07904648780823,
    86.91474437713623,
    92.97202515602112,
    91.43509864807129,
    87.52427673339844,
    89.00844168663025,
    86.12175297737122,
    93.08625555038452,
    94.79333233833313,
    91.79387259483337,
    88.1401731967926,
    89.08092617988586,
    91.9213273525238,
    95.56044960021973,
    92.73718738555908,
    283.75192975997925,
    95.09827876091003,
    94.05440020561218,
    88.3434567451477,
    93.67450857162476,
    278.04402351379395,
    95.06426429748535,
    92.07432579994202,
    84.03039455413818,
    92.34616875648499,
    97.13723969459534,
    96.69322896003723,
    64.72909283638,
    90.3120367527008,
    36.7990505695343,
    90.71862864494324,
    95.48660659790039,
    89.30761814117432,
    88.19476532936096,
    180.74820733070374,
    102.35166239738464,
    93.92954850196838,
    102.55246543884277,
    89.93581008911133,
    88.28364205360413,
    91.40888786315918,
    284.032333612442,
    133.66661167144775,
    78.20463871955872,
    92.361083984375,
    91.38501453399658,
    97.50272274017334,
    28.28048539161682,
    93.62763571739197,
    193.94771218299866,
    99.49516773223877,
    89.0100450515747,
    90.98304009437561,
    97.21876955032349,
    94.21629929542542,
    95.92164778709412,
    91.43489503860474,
    85.68193221092224,
    91.39958477020264,
    90.64030241966248,
    85.0862762928009,
    91.97864866256714,
    92.6765148639679,
    82.45157194137573,
    89.52068495750427,
    87.88603663444519,
    95.79647827148438,
    90.43052935600281,
    90.27493834495544,
    93.93484497070312,
    99.94611835479736,
    81.56981110572815,
    36.70867991447449,
    95.52256560325623
  ],
  "avg_judge_score": 0.9318947368421052,
  "avg_sts_score": 0.5538906985586816,
  "avg_processing_time": 99.318099072105
}